id|first_name|last_name|email|address_id
1|Jean|Dupont|jean.dupont@example.com|2
2|Marie|Lefevre|marie.lefevre@example.com|1
3|Pierre|Martin|pierre.martin@example.com|3
4|Julie|Petit|julie.petit@example.com|4
5|Nicolas|Leroy|nicolas.leroy@example.com|5
6|Sophie|Moreau|sophie.moreau@example.com|6
7|Lucas|Garnier|lucas.garnier@example.com|7
8|Emma|Lemoine|emma.lemoine@example.com|8
9|Hugo|Lambert|hugo.lambert@example.com|9
10|Chloé|Fournier|chloe.fournier@example.com|10
11|Thomas|Rousseau|thomas.rousseau@example.com|11
12|Camille|Lefebvre|camille.lefebvre@example.com|12
13|Maxime|Faure|maxime.faure@example.com|13
14|Sarah|Roy|sarah.roy@example.com|14
15|Antoine|Leroux|antoine.leroux@example.com|15
16|Léa|Morel|lea.morel@example.com|16
17|Alexandre|Blanc|alexandre.blanc@example.com|17
18|Manon|Leger|manon.leger@example.com|18
19|Romain|Dubois|romain.dubois@example.com|19
20|Anaïs|Mercier|anais.mercier@example.com|20